O/F,N2O/RP-1,N2O/N2H4,N2O/ETHANOL,H2O2/RP-1,H2O2/N2H4,H2O2/ETHANOL,IRFNA/RP-1,IRFNA/N2H4,IRFNA/ETHANOL
0.05,,209.9938496777677,,,212.2648161414727,,,212.02432428282555,
0.0806949806949807,,214.5210338707207,,,218.12327423920172,,,217.79246835997202,
0.11138996138996139,,218.93421979512436,,,223.74484124177974,,,223.34893461587833,
0.1420849420849421,,223.1581394044408,,,229.04733803343441,,,228.58861831763178,
0.17277992277992277,,227.1630041097628,,161.8828220523569,234.0046605981546,,159.40160083251786,233.49333132478787,
0.2034749034749035,159.90944156960725,230.92042660973573,,165.59546989705612,238.61060321062052,,162.83860673332399,238.0488214897045,
0.23416988416988416,162.89402844586309,234.45446784241105,,168.9704686414882,242.89249551956507,,165.96989958532163,242.28145835047056,
0.2648648648648649,165.65394280086662,237.76459567803943,,172.043245732254,246.88286766814502,,168.8336342345234,246.22312157481025,
0.29555984555984555,168.20815746541027,240.87229357982233,,174.85423697537848,250.58066920372005,,171.4391113850304,249.8791508798615,
0.3262548262548262,170.5819110697097,243.7865275764539,,177.42123838123715,254.03767726147072,,173.8276701909431,253.28719133786817,
0.35694980694980694,172.78228828304998,246.52906082062768,,179.77835669500263,257.2627819184335,,176.01988163705494,256.4625272359038,
0.38764478764478766,174.83946515136267,249.09361508957008,,181.95673843913838,260.2692130057025,,178.02688791482984,259.43221222214737,
0.4183397683397683,176.74930278082363,251.52038387968776,,183.95713306386335,263.08218317191364,,179.88426169722283,262.20008289969405,
0.449034749034749,178.53242365380055,253.80761417462082,,185.80563761943537,265.72529950820876,,181.5893556023401,264.78922257514546,
0.4797297297297297,180.19970846329375,255.95905722931883,,187.5267801420361,268.19884256247286,,183.1745512701977,267.21402505577805,
0.5104247104247105,181.7704539458219,257.99134835517236,,189.11443857432107,270.5231451529417,,184.6334462397614,269.48736769052664,
0.5411196911196912,183.2352258211631,259.92042930567607,,190.5995393032747,272.71003015030976,,185.99585667883514,271.62083573205507,
0.5718146718146718,184.61155686534644,261.7401440088758,,191.9825792908621,274.7701261196331,,187.26203117313884,273.624809706017,
0.6025096525096525,185.9165955287553,263.46480245249415,,193.27254106242245,276.7055782323379,,188.440537713812,275.49376934379313,
0.6332046332046333,187.14778533687405,265.09376476548266,,194.48752423871179,278.5324352523875,,189.53899791551493,277.26578807513556,
0.6638996138996139,188.31135418463774,266.65468368387917,,195.62464854226613,280.2585532403751,,190.56418908206575,278.9186781136166,
0.6945945945945946,189.41296911440386,268.12405680464457,,196.6895856403426,281.8759080554704,196.91494058621265,191.53216120370155,280.4741851010308,
0.7252895752895754,190.4577690744342,269.521288622517,,197.68909335823412,283.42122187064876,198.09107726268275,192.43789713121686,281.938527756793,
0.755984555984556,191.46038792769266,270.85091221752344,,198.638190156333,284.87003242689565,199.23615280480334,193.28723508999266,283.31735655621935,
0.7866795366795367,192.40523598602616,272.1170800570068,,199.52590027590236,286.24288797960554,200.3491304264408,194.08411624340633,284.61577182327494,
0.8173745173745174,193.3161737101015,273.32358091512725,,200.37207655088113,287.5447131817667,201.42864316868372,194.83247729214514,285.82311812396046,
0.848069498069498,194.18675204900669,274.47385960811494,,201.1646738678904,288.7799945593506,202.4839747883794,195.54615497053388,286.9587321806917,194.7111710382959
0.8787644787644788,195.0202665922799,275.57118678140836,,201.9123669351702,289.9529238269112,203.5135959075393,196.21823769389175,288.02644198477697,195.6365279270651
0.9094594594594595,195.8292491437067,276.6035155456542,,202.62893456242574,291.05175472966465,204.5212979774364,196.85162054528263,289.02960233439705,196.5490952065088
0.9401544401544402,196.6074841888126,277.6034077645565,,203.30654574888302,292.110961339689,205.52215595014877,197.44896756347705,289.9712087781403,197.45926544042538
0.9708494208494209,197.34653608600115,278.5434368235824,,203.9477512899005,293.102672833274,206.50943146613426,198.01270871830513,290.8384607374247,198.3672476819754
1.0015444015444015,198.06940801740916,279.4408595222699,,204.55487930875637,294.0453587270145,207.48726917159397,198.55562020324888,291.66455308137154,199.27943022914582
1.0322393822393823,198.77838081539733,280.3053835584596,,205.141015912826,294.94172867561997,208.46069457170918,199.05866812773388,292.4204623651523,200.21440033236055
1.062934362934363,199.454500421597,281.1314822041228,,205.69727690668535,295.78642748025163,209.44663502460335,199.54488003178832,293.12323745532854,201.1707829120575
1.0936293436293436,200.12067265236217,281.9058230190268,,206.21994682589548,296.5895792678414,210.44021129149874,200.00540576788066,293.75847097282474,202.17159800222896
1.1243243243243244,200.76793584095958,282.6528330779657,,,297.3532897367108,211.46052535334962,200.4525605148363,294.3579970726624,203.22700986839737
1.155019305019305,201.39791881161526,283.35891517096843,,,298.0795093372518,212.5053216796518,200.86637150690257,294.89086888830155,204.36317043287016
1.1857142857142857,202.0120644834788,284.040775104586,,,298.7621165160721,213.591620399005,201.26968596002402,295.37224871856426,205.60159401409814
1.2164092664092665,202.6117087046651,284.6769023305464,,,299.41061206416566,214.73912707389977,201.65301176120434,295.80102245516815,206.98219172806876
1.247104247104247,203.2088999635285,285.29913980124576,198.21437323341755,,300.026478588668,215.95296012515976,202.01220082373356,296.1673144910096,208.55528522224705
1.2777992277992278,203.78322837403348,285.8780834104158,198.9109102010835,,300.5952045266785,217.26438864975208,202.36437298761183,296.4757198903873,210.3423249306667
1.3084942084942086,204.35741765067408,286.43783089391803,199.61311234905025,,301.1497127407148,218.70005941554848,202.69432406896917,296.71370428937837,212.36001772167978
1.3391891891891892,204.92165100978278,286.9717584814953,200.3246091636592,,301.65933960204705,220.2655103518909,203.00841704406295,296.88247666980106,214.5570678020682
1.36988416988417,205.48782297558986,287.47313060068865,201.04964020395752,,302.15762607714447,221.9733242218271,,296.957357985074,216.85959278826846
1.4005791505791507,206.0348786051579,287.95054239486836,201.79878056676418,,302.61191821675595,223.81796152424678,,296.95002119379154,219.18242570097402
1.4312741312741313,206.58558201476018,288.4048202823263,202.57811857469443,,303.0396571913908,225.75031761071412,,296.8222068299207,221.48696007646126
1.461969111969112,207.11859372695722,288.8290189902512,203.3949761298732,,303.44138945085,227.7411252452517,,296.58050120416146,223.7343739020661
1.4926640926640926,207.6567103237044,289.2315611853539,204.25255090699295,211.51768515839657,303.801537098298,229.73914810714027,,296.184709587986,225.91264824843626
1.5233590733590734,208.1894776084464,289.62085558603366,205.17257614213153,212.15782010224405,304.15226852878607,231.72777201639335,,295.62298766402097,228.0177257743361
1.5540540540540542,208.71743907089967,289.9820135051588,206.16164641579718,212.79610239222004,304.4776815420517,233.66395413083134,,294.9084058628807,230.0494234584777
1.5847490347490347,209.2523183336302,290.32332270687255,207.22738905849934,213.42829100980265,304.76163201000276,235.56290173776304,,294.05088483043824,232.00936179128922
1.6154440154440155,209.7721133390462,290.6375028924442,208.3941392492847,214.05595922643772,305.01972266562547,237.4011204121034,,293.05551211479064,233.8936829785467
1.646138996138996,210.2997062671989,290.9483102530186,209.6716908792591,214.68077051310394,305.26732874375557,239.18337672265415,,291.96373755141946,235.71128304221
1.6768339768339768,210.81851749814084,291.2250386098411,211.06253442322313,215.31625179396022,305.47149066453346,240.91631656782354,,290.80123768218493,237.4713467055017
1.7075289575289576,211.33446724861938,291.4835536069989,212.5466102551789,215.9408808795738,305.630881533205,242.58167410757812,,289.57478356988946,239.15758128571753
1.7382239382239382,211.8534897290912,291.7241563519193,214.11562595422015,216.5803224313454,305.77582184982475,244.20694463550737,206.53991198143385,288.3170796492743,240.79815539237183
1.768918918918919,212.3758231484118,291.94706492354334,215.73072641614888,217.22518506998608,305.888095851638,245.76789211050087,207.19947419519386,287.04100683945614,242.3700064722082
1.7996138996138997,212.89591316714692,292.1524749494749,217.3759129470088,217.88408367812332,305.9489582782493,247.27941957231823,207.8931492154125,285.75588265478297,243.888358449143
1.8303088803088803,213.4081051041781,292.3405056441524,219.01044603766564,218.55411973144305,305.9711508328802,248.75673002035663,208.61619290310128,284.46833650953954,245.36857275637345
1.861003861003861,213.9239535464516,292.51123591013254,220.62988906972072,219.24475429000535,305.95087986638305,250.1752339628271,209.38817984125959,283.18305257887965,246.78678820962926
1.8916988416988418,214.43773615291326,292.6646922862346,222.21206134456443,219.95402028246883,305.88393610683863,251.5499777527792,210.207568155153,281.9033177666885,248.1514513573703
1.9223938223938224,214.9552498575454,292.7930306941118,223.76332684588715,220.68654330607663,305.7659034733284,252.8827409453528,211.09215526269494,280.61664313485346,249.47101030778856
1.9530888030888032,215.464849146014,292.9039824335091,225.27492231668435,221.4537216615168,305.5929008877016,254.17522355042217,212.06204377057446,279.3542954956634,250.7539259323903
1.9837837837837837,215.97809372441793,293.00523875238224,226.74589301956772,222.26174295605256,305.34572489614413,255.42905040693665,213.12743662574536,278.095177346965,251.9952788497765
2.0144787644787643,216.48907613187265,293.07316656998535,228.17635830962138,223.11756697375017,305.0388034110828,256.6389682570954,214.30428234280595,276.84743211943004,253.18324765777254
2.045173745173745,216.99767588717287,293.13881902239234,229.56702963209202,224.02262969642308,304.6726493794871,257.8132100910099,215.6108119712059,275.61888460030264,254.3460036652441
2.075868725868726,217.5096414220856,293.17065050305257,230.9126876482109,224.99691068917795,304.25007114276605,258.9600545283602,217.0564290991696,274.3878748318204,255.4580642637856
2.106563706563706,218.01306024037245,293.18399752110196,232.2207308945504,226.04140984982564,303.7600381956977,260.06024904156413,218.61299940357625,273.18366275998955,256.53404475124455
2.137258687258687,218.5136324585319,293.1785240914123,233.49877984750464,227.15513136560733,303.24070940373764,261.1425774313718,220.26770948092042,271.9773944029619,257.5757743729398
2.1679536679536677,219.01708570227038,293.153873318375,234.7355039323375,228.3521372001268,302.6673967238851,262.18065315194303,221.97532831333567,270.7978434020209,258.5828005175639
2.1986486486486485,219.51742586304684,293.1096726955238,235.9384795746355,229.61671876745885,302.06309763507875,263.20331627465316,223.7151691837247,269.616281393331,259.5568028193675
2.2293436293436293,220.01441554320974,293.04555705952816,237.11535740651965,230.95251225548955,301.4344394851116,264.1838758844633,225.4489271393928,268.46113534145985,260.4985866981857
2.2600386100386096,220.50787081033639,292.9611681269859,238.24811185626055,232.3334450832975,300.7872835710378,265.13726407784964,227.15885451920863,267.303854042863,261.39510618977016
2.2907335907335904,221.00361065898193,292.8561818981327,239.3571194141757,233.75606163738456,300.1266209333118,266.0644596482411,228.83433198565064,266.1725815360559,262.2743859026965
2.321428571428571,221.48947182299597,292.7303224503415,240.43707397914676,235.18536707072903,299.4565899436626,266.96641029689096,230.47592874386768,265.03896184636864,263.10937573469585
2.352123552123552,221.97126645412266,292.57547965819384,241.4825084033208,236.61386357706894,298.764934112067,267.84472773406526,232.0748907487045,263.93089460642625,263.9141599443454
2.3828185328185327,222.45487862547915,292.3995864303361,242.50742630011501,238.04358463027881,298.085654624068,268.6987642706768,233.62413454234468,262.8202300604835,264.702843653226
2.4135135135135135,222.93413304330045,292.21031934246696,243.5062852062724,239.44757960549495,297.40524564636127,269.53010901763815,235.130185592452,261.7346439126683,265.4478129178957
2.444208494208494,223.40887166761237,291.9844267757236,244.47338504595524,240.83360403292852,296.70992883650615,270.32529515427154,236.59385478701037,260.6462264088821,266.16280345802755
2.4749034749034746,223.87898765932303,291.75333988942856,245.41617792199398,242.18560323906738,296.03208160970985,271.1134906460264,238.0163673924922,259.58236975161003,266.8336938779581
2.5055984555984554,224.34434096691933,291.48634334123506,246.3354482317513,243.50823533448954,295.3417946325562,271.88118244744226,239.39897042910192,258.51538278852036,267.48801715054833
2.536293436293436,224.8048209280698,291.1995975327889,247.23198794342343,244.80067473052702,294.6708266023669,272.61472517281715,240.74300291147767,257.47250968612764,268.11127733952674
2.566988416988417,225.2603269245635,290.893837951082,248.10653458526238,246.06272146041576,293.98897401668114,273.34332260398276,242.0498010632051,256.426259068349,268.6887073723606
2.5976833976833973,225.71076491285956,290.58545184798925,248.95978637875677,247.2945769777356,293.32753107215717,274.03892434645735,243.32068317023706,255.40365870487645,269.2474543124201
2.628378378378378,226.15605990867715,290.2444100240095,249.79242318784807,248.496708592138,292.65617063761755,274.7164082048978,244.55691927945827,254.37743568827284,269.7582797992388
2.659073359073359,226.59613222935803,289.8873476048153,250.59163069772833,249.6764471185545,292.0058370895548,275.3907239571478,245.75972971824044,253.37441853592006,270.2339214935408
2.6897683397683396,227.03713802528424,289.5154594324714,251.384882555622,250.8211064871628,291.34617611661383,276.0335648173485,246.92366841637988,252.36754464609572,270.6728862205818
2.7204633204633204,227.47285680269863,289.1299975237708,252.15933802008118,251.93813770554144,290.69265515072374,276.6598013811955,248.05641704275777,251.3834547160552,271.073536400132
2.751158301158301,227.8970365191841,288.73224503078114,252.9087734997333,253.02153955380433,290.0605625943062,277.2698829362223,249.16571684657032,250.40192697462055,271.4199786136807
2.7818532818532815,228.31583707045078,288.32349141580244,253.64045749828654,254.08566256500754,289.41959232998255,277.8642457942579,250.2325623433078,249.429496998718,271.7246035918535
2.8125482625482623,228.74173692095758,287.8896453526169,254.36169665774636,255.12452820423604,288.8001055916971,278.443290673249,251.2846440057686,248.47260109843825,271.99995231633727
2.843243243243243,229.149769975734,287.4626999754663,255.05253288844617,256.1389097573007,288.17187276550203,279.00739126665894,252.29606075691555,247.5113367478886,272.21618973747036
2.873938223938224,229.55870005545881,287.02845022288625,255.74068536915564,257.1295617238325,287.55002976499134,279.55690475529144,253.294586701164,246.5718625662897,272.38636884842805
2.9046332046332046,229.96223284936792,286.58802404775133,256.3992528068854,258.09032013061164,286.94957788858557,280.09216269616263,254.25404976566494,245.62783337582258,272.5098100857432
2.935328185328185,230.35411216393672,286.1271974698311,257.0422860318079,259.0287486014587,286.3404317495299,280.59884332238664,255.1887087964432,244.70522728594867,272.57208352272056
2.9660231660231657,230.75324176553158,285.6775244727838,257.6839561242498,259.9524803940951,285.7525276889315,281.10647740304535,256.0993040674551,243.7778982210138,272.6022204193272
2.9967181467181465,231.13443785691825,285.2245994899761,258.2970937750178,260.848316864359,285.15589079283416,281.6007152059442,256.9933829485251,242.87164091094922,272.5727317537743
3.0274131274131273,231.51665660235523,284.75403972589356,258.8958160682733,261.7238147526932,284.5654429156442,282.0671064160004,257.86479970298495,241.9669240338702,272.4994242565898
3.058108108108108,231.8936223621047,284.2970209037562,259.4873487273273,262.5865904709791,283.9959884094576,282.5352412409704,258.7073050647831,241.07009567861303,272.38433795178395
3.0888030888030884,232.27181875040102,283.8389794626314,260.06510682803724,263.41624613310125,283.4177024811914,282.97590405640693,259.5283271318826,240.18741497905359,272.22986376828953
3.119498069498069,232.68410135989868,283.36538896802205,260.62241477192794,264.2413756997951,282.84540073833165,283.41871459614896,260.32151689566695,239.29963528930924,272.03862319298713
3.15019305019305,233.36504943445536,282.90706461654025,261.166494371904,265.03443366175117,282.2937955922773,283.83434559952775,261.09427986934526,238.4321100269343,271.7991817676848
3.1808880308880307,234.1612211294773,282.43424773200144,261.69758203154976,265.8099797541185,281.73322133511715,284.23764580784086,261.8540578013381,237.56566277445785,271.5426754164828
3.2115830115830115,235.05321404714448,281.9775401168182,262.2159312787003,266.58268966939994,281.1931319779435,284.6287199719768,262.59440429457237,236.70654135741972,271.2434713836559
3.242277992277992,235.97769826513868,281.5071713822542,262.72175605010506,267.3247537667238,280.6439790178794,285.0224548177245,263.31574902559584,235.86090962794938,270.9324821761661
3.2729729729729726,236.89541768380872,281.0535583213735,263.21526562829627,268.0507698368518,280.1004372639165,285.38930572850387,264.0045110512607,235.0098599239048,270.5838770857192
3.3036679536679534,237.81519939464476,280.58693610801635,263.69664529170393,268.76119839222713,279.57705989118955,285.74403674871127,264.68901197906007,234.17832509116144,270.214080816553
3.334362934362934,238.70695926817865,280.1375490190605,264.15199459858945,269.4707729186628,279.0444644109826,286.0866532602669,265.3416017599489,233.35366756293698,269.8251891699927
3.365057915057915,239.59502873561092,279.6756572678098,264.6096085730683,270.15135942260696,278.5172390205291,286.4171120593212,265.99064302351616,232.52342610098353,269.4191147343319
3.3957528957528957,240.45932728726007,279.23134814557216,265.05557287058883,270.8176214776336,278.0098744216114,286.73532615568826,266.60834486236183,231.71228540192598,268.99759293033355
3.426447876447876,241.30630166820492,278.7749233024696,265.490018617923,271.4699521365285,277.4931369825826,287.0411827967562,267.2090073602489,230.90159944024694,268.56219220380973
3.457142857142857,242.13613946436664,278.33632150646895,265.89890131197745,272.10872154625343,276.99605632747637,287.3196098555496,267.8070138576832,230.0974629342559,268.114325653503
3.4878378378378376,242.94914816050056,277.885894466714,266.3106211163839,272.73429326405267,276.4895055418177,287.60023673481976,268.3743505901383,229.305892148446,267.6413061266847
3.5185328185328184,243.74569509247155,277.4534535103835,266.7111341178889,273.34701516271053,275.98798606312033,287.8679243031367,268.9252702522165,228.5145731068207,267.1722214763006
3.549227799227799,244.52618374316452,277.0094064737643,267.0862904547204,273.94722231532535,275.5057812539312,288.1224076207007,269.459971233594,227.7295444501329,266.6941126614096
3.5799227799227795,245.28435187991386,276.5834418068231,267.46457252977535,274.52074006645773,275.0139605353989,288.3484246489794,269.97859193092074,226.95676865150418,266.19401998237856
3.6106177606177603,246.04060620666553,276.1460323212665,267.81758184744336,275.096853453675,274.54130330938966,288.5755304136259,270.4820198862472,226.1840550853747,265.7005711366527
3.641312741312741,246.768651579316,275.7267515067798,268.1738445978913,275.6613865554351,274.058943371819,288.77343624695914,270.9687860874411,225.417387667438,265.1867712638062
3.672007722007722,247.48892487181234,275.2961442315045,268.5048696676218,276.2146280426285,273.5812154393644,288.9716745142336,271.4397505382513,224.66267637833496,264.6809884264255
3.7027027027027026,248.1951214943159,274.8763254533296,268.8392294315397,276.7422668154679,273.1223759927696,289.13987605268954,271.89495498564895,223.91381937295952,264.1561926477012
3.7333976833976834,248.88086655641905,274.4599491188499,269.1483534312637,277.274514837537,272.653696728075,289.2925794815216,272.3344330885637,223.15883877210308,263.64052850736664
3.7640926640926637,249.55322419538234,274.03969284260967,269.4465268812361,277.79545657045406,272.2037249508275,289.42935430765795,272.7438307711159,222.42150180973184,263.1069629317557
3.7947876447876445,250.2193201692843,273.6375386794068,269.74092305312473,278.2915130662915,271.74383271657285,289.5648017083098,273.1518162254365,221.6897977587215,262.58343507980413
3.8254826254826253,250.87274242810503,273.2242015791412,270.0243741291193,278.7922107850313,271.28824935533027,289.66846110836366,273.529633189566,220.9577591048235,262.04293541025453
3.856177606177606,251.50698759447886,272.82891011885016,270.2896838698819,279.26844729158734,270.85111713583,289.7551218178264,273.905977337114,220.2312451794577,261.4995728162521
3.886872586872587,252.1291576105486,272.42245595943155,270.54400808653935,279.74983203551494,270.4039427164292,289.8244511425739,274.2519968243639,219.51605215858967,260.96730870383504
3.917567567567567,252.7395400511841,272.0339806585548,270.7873382199058,280.2071591335576,269.9750546305966,289.8612302498676,274.59641481546197,218.80621092638893,260.4192096110208
3.948262548262548,253.3384256114617,271.6343508336277,271.0196598624556,280.67008993083124,269.5360522600659,289.89540353044026,274.91030116237823,218.09583657555856,259.86921095095727
3.9789575289575287,253.9260857147125,271.25261958880975,271.2409640560134,281.1093418857378,269.1151744201182,289.9119501362622,275.2079596780521,217.3907196232549,259.31758493914856
4.0096525096525095,254.50279094875145,270.8597306843677,271.45124445464154,281.53983592528834,268.6841134876,289.91098943945826,275.5037509374923,216.69658437968488,258.7645852429153
4.04034749034749,255.0756683532597,270.48466407982295,271.65050288183545,281.9765591737439,268.2569625778238,289.87772841908696,275.7686478994846,216.00756595196475,258.22393620869855
4.071042471042471,255.63124123721917,270.0984181872214,271.83876071474,282.3901230553888,267.84769432220446,289.8425527461058,276.01700800041954,215.32356010483187,257.66883787945926
4.101737451737452,256.16966673220605,269.72988578764597,272.0160340722204,282.79546548644413,267.42813846846,289.77586520808273,276.2487338159955,214.63879139628995,257.11301232737924
4.132432432432433,256.705019722114,269.3501657624108,272.18235522506325,283.20762405687657,267.0263319732979,289.70824646793614,276.4637398091776,213.95896610607957,256.55664823330426
4.1631274131274125,257.23060878483403,268.98806336848656,272.33777747958834,283.5970654377912,266.6141767864103,289.61028519761527,276.6619684602561,213.28973320647214,255.9999149399179
4.193822393822393,257.7466530239421,268.6147502413674,272.4823622912372,283.9787766292242,266.2196266106209,289.5126862704848,276.8288588720721,212.62529283652032,255.4429797631495
4.224517374517374,258.2533550239458,268.2589539806782,272.6016941396556,284.35291261489635,265.81466950606773,289.3861844086074,276.993437149032,211.96559577398847,254.88599140106118
4.255212355212355,258.7509106798541,267.8919203056115,272.7248572884719,284.719612280995,265.42717767430526,289.2465476175383,277.1412081670923,211.3049239321204,254.34236808324167
4.285907335907336,259.2395273650342,267.5423013381248,272.83747974218176,285.07902084337303,265.029225697476,289.0945661822835,277.27223573069114,210.6489095248084,253.78565996734665
4.316602316602316,259.71237596543097,267.18141807135373,272.92517734172264,285.43126621176003,264.6486014010622,288.9460052398903,277.3720806555868,210.00311840987345,253.2292945412241
4.347297297297297,260.1766260271214,266.8378444917817,273.01713345181537,285.7764816382247,264.2574617745077,288.7716983260688,277.4698701428209,209.36184621546266,252.67339378009524
4.377992277992278,260.6394780105661,266.48297328265255,273.0990027081603,286.1147854661508,263.8696672685879,288.58739354978366,277.53689768273864,208.72503860631477,252.11806003310633
4.408687258687259,261.0940901381148,266.14531162781213,273.15644610976415,286.44630089978136,263.4990146606665,288.3938363526904,277.5878314638654,208.09264086124125,251.56340160668182
4.4393822393822395,261.53358361656547,265.796320243289,273.2187198925795,286.7711364458051,263.117767140959,288.1917425592532,277.6375026518443,207.46460402141423,251.0095104688333
4.470077220077219,261.9651389171386,265.4644366476093,273.2569856295338,287.08940570831305,262.75353431062973,287.9817944024488,277.65712810967995,206.83534132271876,250.45648186805047
4.5007722007722,262.39597683794074,265.1212866407832,273.30043370395674,287.4012077795534,262.37865739384705,287.76463798987174,277.6616059304807,206.21036902811318,249.9043952773672
4.531467181467181,262.8191874700205,264.7950484592278,273.32046848292725,287.70664458145336,262.02067637939507,287.54088196766327,277.6513310581387,205.59514765156445,249.3533354460176
4.562162162162162,263.22075712010206,264.4574148557163,273.34630225607145,288.0058135596354,261.65200655964884,287.3110948284237,277.64126245694945,204.98409126077567,248.80342958805682
4.5928571428571425,263.62913250482416,264.136689023015,273.34911990219047,288.29880034055617,261.3001153062799,287.0758144483463,277.602764622622,204.37714871745032,248.25463701888333
4.623552123552123,264.02319384263785,263.80453507578045,273.3437318774066,288.57063135478705,260.93749260644165,286.8206763372697,277.5500199770243,203.77427501342896,247.70708250255777
4.654247104247104,264.4101540384374,263.48919159754206,273.34496585172974,288.85150833631434,260.591534716966,286.5758756006761,277.4851599356982,203.17542581159967,247.16082378703314
4.684942084942085,264.790126284635,263.1623872356557,273.3240133383606,289.1264496544318,260.2348069594901,286.3269666661971,277.40786390582457,202.58055208149952,246.61592116971246
4.715637065637066,265.16323944500107,262.8522977004195,273.29570242844176,289.39553382055203,259.89463144736385,286.07434599380554,277.30411781912517,201.98961083753372,246.07242915640597
4.746332046332046,265.53673669414013,262.53071749606744,273.2748614938558,289.64372077138415,259.5436450271463,285.8183802135949,277.2034767995303,201.39716238968634,245.53040093933734
4.777027027027027,265.88931896127457,262.2257561477147,273.23269336740077,289.901285157327,259.2091060963778,285.55940808255957,277.0919196142833,200.81396910519788,244.97706899579472
4.807722007722007,266.2496518708638,261.9092703415594,273.18402025981624,290.15318412569974,258.86371923953504,285.28296918539405,276.96994756637133,200.22920520625718,244.43812943512688
4.838416988416988,266.58923142988965,261.6093141224648,273.1363924911981,290.38438090989496,258.5346760509401,285.0189160576929,276.838051849592,199.65358852761557,243.90078787662048
4.869111969111969,266.92963003540376,261.30480412263205,273.08280910132146,290.6251204264234,258.19474960541777,284.7527246754355,276.6822412172922,199.08169156914875,243.36507907578425
4.899806949806949,267.2637781189959,261.0027313774364,273.0162807631677,290.84520869057474,257.8710660694658,284.4699048530397,276.531955444155,198.51346979185794,242.83104143407888
4.93050193050193,267.58457804093973,260.7100472932053,272.944335956593,291.07498970413513,257.53646777182263,284.20017326419276,276.3586920746245,197.94888452488075,242.29870873325368
4.961196911196911,267.9136703489843,260.4057712210825,272.8672320363972,291.2841845658073,257.21801234367086,283.9289851178276,276.19183947148787,197.38789765757468,241.76811442301596
4.991891891891892,268.22238054470193,260.11779744800464,272.7852191480783,291.50317311444707,256.8886077214934,283.6418394445155,276.0028951651242,196.83046641807505,241.23928604728715
5.0225868725868725,268.5251528334558,259.8182052605457,272.7057978144086,291.70163494362816,256.575253220818,283.36832106570284,275.82117149215173,196.27655382975792,240.7122472701301
5.053281853281853,268.8364924983922,259.5348290552252,272.62194041612617,291.90996622472704,256.25091875889814,283.0938818052185,275.63259252020305,195.72612171939213,240.18702780045808
5.083976833976834,269.12762527282626,259.23980431434563,272.5266229056845,292.09781730945616,255.9425421762815,282.8040232065012,275.42312978172527,195.1791341782492,239.6636464113143
5.114671814671815,269.4130292404401,258.9609159832001,272.427370266945,292.2803915197513,255.62988027780102,282.52820553063293,275.2075617492138,194.63555065473298,239.14212623541113
5.145366795366795,269.7072354516571,258.67728961928975,272.32423004900386,292.4729363727348,255.31964076794992,282.25188896451226,275.0006145962281,194.0953362995068,238.62248656224764
5.1760617760617755,269.981387128847,258.3958450519791,272.2175684343882,292.64503412262934,255.01849826554107,281.96059031894134,274.7738191043309,193.55845504955508,238.1047470496186
5.206756756756756,270.2499896201501,258.1234791338194,272.1075210164218,292.8119053983455,254.70631169964236,281.68364630254314,274.5418742938515,193.0248730530531,237.58891960844062
5.237451737451737,270.51309635125926,257.83940683318843,271.99427822407284,292.9888059173198,254.40985689751056,281.39195735970486,274.3194163359592,192.49455183474484,237.06259699201277
5.268146718146718,270.77801923831925,257.5712679053166,271.8780143990424,293.14526820759426,254.1023317532273,281.11479737100933,274.0780011258098,191.96745853376592,236.55066803627943
5.298841698841699,271.03754933626806,257.29140013069355,271.75889884754383,293.2965233446231,253.81045493939786,280.83765502132616,273.8322432930042,191.4435590604663,236.04069029573074
5.329536679536679,271.28447044053536,257.02738895642864,271.63709303341517,293.44257656360236,253.507482647636,280.5460783578755,273.58238200929003,190.92282148658683,235.53267620050127
5.36023166023166,271.52608155378186,256.76539538457524,271.5127510377761,293.5986828747524,253.2200775687925,280.26922963353013,273.34293826677487,190.40520928067633,235.02663693209126
5.390926640926641,271.7624194022556,256.491643036901,271.3860197518337,293.7343239039276,252.9215551490174,279.9781210207077,273.0855212549478,189.89069144217547,234.52257642720812
5.421621621621622,271.99352057606126,256.23363390076116,271.2570390763799,293.8647435324141,252.63851886868213,279.701846289023,272.82463932845144,189.37923740403167,234.02050357492357
5.4523166023166025,272.2194168707627,255.963843381309,271.12594224051975,293.98993125974823,252.3576192228435,279.4114609790764,272.5604755810585,188.8708120116868,233.52042423703475
5.483011583011582,272.44744100018335,255.70972652998248,270.99285601815603,294.1098719549697,252.0655728206848,279.1360011430241,272.2932110557908,188.36538558142624,233.0223452434847
5.513706563706563,272.66303364266986,255.4575125063112,270.85790099667184,294.2245561771532,251.78889365938764,278.846568855509,272.02300721904095,187.8629271787465,232.5262664664987
5.544401544401544,272.8808204530271,255.19349474942334,270.7211918771859,294.33396542042703,251.50104616665672,278.57213079900265,271.7500223007798,187.3684553851223,232.03219291876297
5.575096525096525,273.0862178487609,254.94503998316773,270.5828375583539,294.4380824896398,251.2277724360519,278.29826213069697,271.47440294712914,186.87182975064906,231.54012675606555
5.6057915057915055,273.28655211974797,254.68475861311606,270.4357419354311,294.53688684059915,250.94402548915997,278.010597677233,271.19628703407335,186.3831037630291,231.05007132693777
5.636486486486486,273.481837899589,254.43998554586165,270.2872149874649,294.6303625658859,250.6755100522268,277.7236201301284,270.9166208382494,185.89220816209203,230.56203871832722
5.667181467181467,273.6721132889974,254.1970008089774,270.1445350102842,294.7184299343341,250.40895889399494,277.45173524258644,270.63388775466353,185.40411659897123,230.06996222437607
5.697876447876448,273.8573902954608,253.942167702002,270.00059422210705,294.80119640868077,250.13119756089714,277.18056741061355,270.3490243512242,184.91881791971457,229.5799156578055
5.728571428571429,274.0303513110218,253.70273330292477,269.8554768736666,294.878578113953,249.86854619287018,276.89579428759725,270.062140681251,184.43628072455655,229.09791659764036
5.759266409266409,274.20568539863024,253.4582364558379,269.709263028326,294.95056421350466,249.5946638932038,276.6261695683278,269.7733340579528,183.95647891105224,228.61792240741264
5.789961389961389,274.3687293295162,253.21546833402255,269.56202863037214,295.0171381578716,249.33582674424866,276.34302048136476,269.48270243979556,183.47938673245397,228.13993246513522
5.82065637065637,274.5341940765771,252.98120247149967,269.4138458027459,295.07828572252305,249.0657408295242,276.0750431870768,269.1903358816891,183.0049739249032,227.6639397021267
5.851351351351351,274.6947524140818,252.73505248064254,269.26478301514953,295.1340030467355,248.81063484471613,275.79361450561163,268.896319448619,182.53321546980038,227.18994564956967
5.882046332046332,274.85042195106826,252.5041430946879,269.1005751483382,295.1689663785755,248.55735484210646,275.52737377957936,268.6007333126879,182.06899971255964,226.71793963056865
5.912741312741312,275.0012181229427,252.2748754345457,268.94995408940645,295.2138072698245,248.29280753369133,275.2477500360006,268.3036516984036,181.6073592474522,226.24792245337463
5.943436293436293,275.147164083001,252.03370757045582,268.798638451261,295.25321098457084,248.0431387559594,274.98332179297165,268.00514893823436,181.14338705699663,225.77988523955835
5.974131274131274,275.28090879382825,251.8076867533796,268.6466838745905,295.2718627525474,247.78218872125203,274.70556810062624,267.7052565698253,180.6819646747531,225.31382458720879
6.004826254826255,275.4098346208228,251.58325428865544,268.4941431621946,295.3004195789214,247.53605400435472,274.4430167047195,267.4041408362044,180.2230687728893,224.84973476768846
6.0355212355212355,275.54133720007445,251.3469012784358,268.3410664506291,295.32357887923,247.29164965861915,274.1671943862075,267.0877993553053,179.76667474075606,224.38761164497464
6.066216216216216,275.66806696949084,251.1256141377474,268.1803614812796,295.3413612278597,247.03594531138805,273.9065740771078,266.7842644285845,179.31275988081433,223.9274449393909
6.096911196911197,275.79005229422097,250.89912747108062,268.0192201630729,295.3384783765116,246.79496302800302,273.63273494648456,266.4796105945837,178.86612827164655,223.46922989130434
6.127606177606177,275.8925506558421,250.67417226536173,267.8648222827511,295.34560593150445,246.54266666510094,273.37409107953596,266.1738894039255,178.42190377437336,223.01296144241158
6.158301158301158,276.00511830564415,250.45746112469558,267.71006501478837,295.33214380670427,246.30503513206878,273.1022716117805,265.8671498359231,177.97525667925782,222.55862848384157
6.1889961389961385,276.1130177909524,250.23552204074417,267.55498709206654,295.3287812594958,246.0690440683907,272.8456417415995,265.55943836030696,177.53099695648586,222.1062254491187
6.219691119691119,276.2088964633142,250.0150681333773,267.3996253094003,295.3202517773352,245.82172708116485,272.57587807607786,265.23693430284754,177.08909574703256,221.65574461054518
6.2503861003861,276.3001669353997,249.8027913659813,267.22978116211476,295.29130332901195,245.58898293382668,272.3212928797855,264.92742960704743,176.64953147729156,221.20717993888883
6.281081081081081,276.39426552334504,249.57855098823185,267.0739657614616,295.27262917884957,245.35782826447246,272.0536123569771,264.61708031152517,176.21704880935775,220.7605194646415
6.311776061776062,276.4764374576051,249.36915840489013,266.91796620369746,295.2336781647927,245.11533305984773,271.80109644999936,264.3059248841301,175.7868361053361,220.31575677889307
6.342471042471042,276.5541201069323,249.16117732442075,266.76181256675426,295.2051450150884,244.88732609637873,271.53552302229855,263.9802000917426,175.3541410768218,219.8728833857635
6.373166023166023,276.63475248557916,248.94122038685776,266.6055333530822,295.15650379690425,244.64796579740354,271.28509566495444,263.66756152990683,174.92369189061378,219.43189252981102
6.403861003861004,276.69617914793764,248.7360341904507,266.43496005612104,295.1031458787591,244.42304205400566,271.0216413035419,263.3542231450173,174.4954733040922,218.99277179570288
6.434555984555984,276.7680595243981,248.532215950044,266.2785208669977,295.06046891533555,244.19962823732388,270.77331703142767,263.0264667479576,174.06946450903786,218.5548838660426
6.465250965250965,276.83563446983277,248.3164127603148,266.1220334657675,294.99796342842257,243.9648500323926,270.5119961785038,262.71184548918194,173.65034564061634,218.11947170865804
6.495945945945945,276.88414464498675,248.11530383338243,265.965521125421,294.9463263115003,243.74442655946527,270.2657853400004,262.3966185596922,173.23337378200222,217.68590604884767
6.526640926640926,276.94327101016256,247.91552112873737,265.8090059741962,294.8750745632075,243.5254676785661,270.00660620105305,262.0808150418149,172.8138532512983,217.25417384591532
6.557335907335907,276.9834368659882,247.71039683280932,265.6384390431306,294.7996075514965,243.2951364153169,269.76251543894796,261.7507792064067,172.3964620145146,216.82426762724907
6.588030888030888,277.03433955229633,247.50658547789664,265.4817998456955,294.7353164621371,243.07907872565184,269.5054850192241,261.4339267136457,171.98583778560047,216.39617982370243
6.6187258687258685,277.0663988607052,247.3107162731139,265.32551796025257,294.65174780939344,242.85803957673858,269.2635176913972,261.1165793057295,171.57728116745534,215.9698971666495
6.649420849420849,277.1093271330445,247.1094809659731,265.1692033832502,294.56429579923685,242.63842177494962,269.00863301037737,260.78512863844406,171.1661448213409,215.54541194963352
6.68011583011583,277.1335338599864,246.9095193956494,264.99886086543415,294.4730736961537,242.42660073606254,268.7687895734513,260.46688976817074,170.75705968674274,215.12271453058742
6.710810810810811,277.1686236600328,246.71744664882436,264.84275937755706,294.39345735961814,242.20338579418987,268.51605178501586,260.13462492595124,170.35000870220955,214.7017970740942
6.741505791505792,277.1852537288206,246.51998665268198,264.6867851962667,294.2950348308916,241.99432507853973,268.2783301149602,259.8155886542222,169.94957963506312,214.2826461171651
6.7722007722007715,277.21302581357037,246.32375842201543,264.53094758066914,294.1931832334931,241.78661663774193,268.0277356695456,259.4961783302403,169.55112612894797,213.86525374525363
6.802895752895752,277.22235155769175,246.1353698355697,264.36821837197743,294.0880159291309,241.56750641318618,267.7921313598132,259.16286585252925,169.1500522963018,213.44961014733624
6.833590733590733,277.2429681476779,245.9481803397611,264.20566621460995,293.99488600305057,241.3624781974142,267.5575743834778,258.8427979745963,168.75093914603022,213.0356947507106
6.864285714285714,277.2452792490787,245.74897157928498,264.0503399895542,293.8834199060707,241.15876313357643,267.3101834518795,258.5224189950825,168.35833608646232,212.6235194441845
6.894980694980695,277.24419059503754,245.5641593592994,263.8952055925118,293.76897129918507,240.9436412166545,267.0777335737399,258.188252229833,167.96763895894935,212.21306333011887
6.925675675675675,277.2546178442398,245.38051135009093,263.7402744221707,293.65164846009833,240.74252936900064,266.8324659924059,257.8673403042861,167.5742928439483,211.80431835793235
6.956370656370656,277.24696207999375,245.18483468479178,263.5715092672898,293.53155787777393,240.5426930543029,266.6021141821605,257.53271237384473,167.1828388990949,211.39727095386766
6.987065637065637,277.2509695633771,245.00349981560294,263.41702860033297,293.40880143922556,240.33144131127648,266.3589621680718,257.21134810611454,166.8023091364709,210.99191306002118
7.017760617760618,277.23704947062055,244.82329105822942,263.2627825001766,293.29868820089524,240.1341341510965,266.1306979050688,256.8763384962604,166.41457616954608,210.5882347786254
7.0484555984555985,277.22010858390564,244.63762539854835,263.10878039742903,293.1709074944847,239.93806633641964,265.88965226470526,256.5545996390019,166.02868763798776,210.186228041451
7.079150579150579,277.2150562783933,244.45308096704335,262.9410148745341,293.040763654046,239.73057722620214,265.66346371286085,256.23269065203044,165.64912281332474,209.7858793106871
7.109845559845559,277.1923066493767,244.27621343618975,262.7875388840553,292.9083520838515,239.53696730346752,265.42450720749207,255.89724911350163,165.27135142747792,209.38718054098422
7.14054054054054,277.1667636511142,244.10043399811138,262.6343324866721,292.7737657045485,239.34456190215622,265.20038138034795,255.5750774426617,164.89088450077222,208.99012187369675
7.171235521235521,277.1533345903439,243.91261634310587,262.4814033849008,292.63709490884537,239.14073198815035,264.9635024997532,255.2394394680062,164.51219901530467,208.59469528038437
7.2019305019305015,277.12243328445214,243.73899571268092,262.31477667941056,292.4984275329955,238.95071588284952,264.7414253918825,254.91707704162081,164.14419055654574,208.20088731280708
7.232625482625482,277.0889629598438,243.56643823001832,262.16244037517663,292.3578534522306,238.761876907417,264.506616587937,254.5813265370524,163.76901838286443,207.80870238118735
7.263320463320463,277.0604082652211,243.38838007389063,262.0103972745488,292.21544849077867,238.56160041755606,264.2865761721431,254.25884332034988,163.39557185248637,207.4235942471182
7.294015444015444,277.02942979665494,243.21136914284244,261.8586586218121,292.07129266349347,238.37507852014608,264.05380965629786,253.92302857175304,163.0282723295674,207.04005436481168
7.324710424710425,276.98868507566715,243.04193282426118,261.69327770506976,291.92546592394245,238.18969533322854,263.835784412437,253.60049270857888,162.66266284686552,206.65261415423234
7.355405405405405,276.9456565016091,242.87351514508612,261.54217717564984,291.7780433367609,237.99287653879642,263.60504667892405,253.26469391507408,162.2943200436974,206.26674398696377
7.386100386100386,276.91523256907914,242.69305234294387,261.3913980428473,291.6290975096435,237.80975297751093,263.3890232387367,252.94217183954498,161.93205547426788,205.88243601308318
7.416795366795367,276.8678440464789,242.5266566712072,261.24094542030525,291.47869853725473,237.6277370217668,263.1602996238627,252.6064504742893,161.57143713689413,205.4996824067041
7.447490347490347,276.8183751149593,242.3612517194366,261.0769032336991,291.3269141849429,237.4405528084626,262.9462610511041,252.2840069956088,161.20807170377054,205.11847001591977
7.478185328185328,276.76689126949674,242.19682844065073,260.9271294680829,291.17380985166267,237.25446401179772,262.7332000690211,251.94842944716245,160.85071341342893,204.7387938815866
7.508880308880308,276.728263065157,242.02035925956562,260.7776959421324,291.0194486451188,237.07572400065993,262.50746294869975,251.62613056354155,160.4949618900314,204.36063880517764
7.539575289575289,276.6729412573394,241.85788514176818,260.62165932525477,290.8638914386982,236.89805189359203,262.29636057590807,251.29076169928192,160.13645037168374,203.98400002894866
7.57027027027027,276.6158102932013,241.69636615108027,260.46597883598594,290.7071969305406,236.70894244949798,262.07259536750587,250.96866340606098,159.78387973544378,203.60886458809355
7.600965250965251,276.5568779424661,241.5292984452132,260.3176013635957,290.5494217041813,236.5333903802299,261.8634335411681,250.63356313539902,159.43287701808921,203.23522489385738
7.6316602316602316,276.4962553594637,241.36317516227322,260.1695792683365,290.39062029024467,236.35887766121638,261.6416172693371,250.31172828261356,159.07910003502425,202.87382134548628
7.662355212355212,276.4487772958263,241.2044825650198,260.0080465082405,290.230845228781,236.17292267638845,261.4343775988018,249.97695140310023,158.7311981250395,202.50312836195855
7.693050193050193,276.3849098727394,241.04671123272055,259.8607563644817,290.0701471317909,236.00047368887937,261.2144937042791,249.6554387803453,158.38482241852265,202.13390516280245
7.723745173745174,276.3195024922244,240.88337459706085,259.71383089867214,289.9085746199624,235.82903651052746,261.0091575197195,249.3210468749613,158.03566478784205,201.76613904580006
7.754440154440154,276.2526084952674,240.7209512046517,259.56727287094196,289.731161057636,235.6461545403627,260.7911891842539,248.99991352525413,157.69660572170454,201.3998226418099
7.7851351351351346,276.18427966992857,240.56590686375256,259.40724685725087,289.56798900545317,235.47672677102256,260.5877375878699,248.66596510503888,157.3504623726506,201.03494862047683
7.815830115830115,276.1293395435731,240.4117515500496,259.2614428115906,289.40407843575133,235.30828423769873,260.37166110078203,248.3452689544131,157.0058126324233,200.6715071152942
7.846525096525096,276.05828984973425,240.24554746759947,259.1160135304428,289.23947124006725,235.14081831508372,260.17007502075427,248.01181440592768,156.67117341170916,200.3094854345764
7.877220077220077,275.9859524731711,240.09315864214952,258.9709611722286,289.07420774586313,234.96190916154083,259.9694066050495,247.67863337489453,156.3294643950023,199.95418282534382
7.907915057915058,275.9123738350164,239.94163565469012,258.8124808015764,288.90832677335624,234.7963832017427,259.75613343176303,247.3587022954856,155.99346184318026,199.600264362292
7.938610038610038,275.8375990416379,239.79097098252018,258.66819962266834,288.7418656910705,234.63180850392155,259.5573017389816,247.02609631888606,155.65888977621415,199.24244297486374
7.969305019305019,275.7616719046225,239.62825878591292,258.52430103554394,288.5748604697616,234.4557907955045,259.3458739859377,246.70672810475153,155.32151421022022,198.88600716941897
8.0,275.6846349622455,239.47930000986918,258.38078669272863,288.3923999915399,234.29310603699224,259.14885966561565,246.3747501095173,154.9940004055869,198.53094996595578
